Career,Personality Type,Skill
Software Developer,INTP,Analytical thinking
Business Analyst,ENTJ,Strategic planning
Project Manager,ESTJ,Time management
Quality Assurance,ISTJ,Attention to detail
UI/UX Engineer,ENFP,Creativity
Data Scientist,INTJ,Statistical analysis
Cybersecurity Analyst,ISTP,Problem solving
Cloud Architect,ENTP,Innovation
Network Engineer,ISTJ,Technical knowledge
Technical Writer,INFP,Writing skills
Software Developer,INTP,Analytical thinking
Business Analyst,ENTJ,Strategic planning
Project Manager,ESTJ,Time management
Quality Assurance,ISTJ,Attention to detail
UI/UX Engineer,ENFP,Creativity
Data Scientist,INTJ,Statistical analysis
Cybersecurity Analyst,ISTP,Problem solving
Cloud Architect,ENTP,Innovation
Network Engineer,ISTJ,Technical knowledge
Technical Writer,INFP,Writing skills
Software Developer,INTP,Analytical thinking
Business Analyst,ENTJ,Strategic planning
Project Manager,ESTJ,Time management
Quality Assurance,ISTJ,Attention to detail
UI/UX Engineer,ENFP,Creativity
Data Scientist,INTJ,Statistical analysis
Cybersecurity Analyst,ISTP,Problem solving
Cloud Architect,ENTP,Innovation
Network Engineer,ISTJ,Technical knowledge
Technical Writer,INFP,Writing skills
Software Developer,INTP,Analytical thinking
Business Analyst,ENTJ,Strategic planning
Project Manager,ESTJ,Time management
Quality Assurance,ISTJ,Attention to detail
UI/UX Engineer,ENFP,Creativity
Data Scientist,INTJ,Statistical analysis
Cybersecurity Analyst,ISTP,Problem solving
Cloud Architect,ENTP,Innovation
Network Engineer,ISTJ,Technical knowledge
Technical Writer,INFP,Writing skills
Software Developer,INTP,Analytical thinking
Business Analyst,ENTJ,Strategic planning
Project Manager,ESTJ,Time management
Quality Assurance,ISTJ,Attention to detail
UI/UX Engineer,ENFP,Creativity
Data Scientist,INTJ,Statistical analysis
Cybersecurity Analyst,ISTP,Problem solving
Cloud Architect,ENTP,Innovation
Network Engineer,ISTJ,Technical knowledge
Technical Writer,INFP,Writing skills
Software Developer,INTP,Analytical thinking
Business Analyst,ENTJ,Strategic planning
Project Manager,ESTJ,Time management
Quality Assurance,ISTJ,Attention to detail
UI/UX Engineer,ENFP,Creativity
Data Scientist,INTJ,Statistical analysis
Cybersecurity Analyst,ISTP,Problem solving
Cloud Architect,ENTP,Innovation
Network Engineer,ISTJ,Technical knowledge
Technical Writer,INFP,Writing skills
Software Developer,INTP,Analytical thinking
Business Analyst,ENTJ,Strategic planning
Project Manager,ESTJ,Time management
Quality Assurance,ISTJ,Attention to detail
UI/UX Engineer,ENFP,Creativity
Data Scientist,INTJ,Statistical analysis
Cybersecurity Analyst,ISTP,Problem solving
Cloud Architect,ENTP,Innovation
